name,email,password
Rikki,rtichelaar0@addthis.com,jD1(~cPG*`f
Deonne,dsouza1@spotify.com,"fO1$K@A\j""If1="
Ravi,rstripling2@gizmodo.com,pI6/c7Jk
Violante,vconnochie3@liveinternet.ru,rC9}b\oRZ=+?s`
Georgie,gmarwood4@dell.com,wQ1@TyW~!u
Hillyer,hbeden5@themeforest.net,sT2=WnTdEE/
Lorenzo,lparnaby6@nationalgeographic.com,mW4>=l.NqTWmL}C
Cathy,ccurgenuer7@ihg.com,aT5'DGz3D2UFw
Myrtie,mfahrenbacher8@time.com,cI6/r)J8ey=HAF4e
Lucina,lchatt9@army.mil,zW7{q{}.~>`o
Audi,awarlanda@domainmarket.com,oU4~6qdA1
Vin,vshevellb@t.co,"xM1\R)JaA,EX"
Amble,agrovenc@flavors.me,cH4>J<6{\Ly~R
Davy,dflawnd@nydailynews.com,lU0?Ov25N=ZH!6
Stephanie,sprozesckye@abc.net.au,yP9<#POkJ
Allard,akopischf@ow.ly,"lN7,=$zG@"""
Janifer,jdismang@businessinsider.com,"sP8""pUNQ/=hY"
Aubrie,aparkhouseh@telegraph.co.uk,gG1'5D)#/S
Nina,nroperi@topsy.com,"dP5=9rX\,4g5+"
Perri,pwhitmanj@eepurl.com,xE8.+KG|0I
Cam,cleverichk@newsvine.com,"qV0""Ip)FIj`6*Q&3"
Clerc,cdamatol@privacy.gov.au,yI7..2_E\Lu~I
Melinde,mladenm@mapquest.com,nM3*Yl\&*U
Julia,jhappeln@ocn.ne.jp,rR8<a+yKp5Pt\53J
Sanders,skamieno@homestead.com,gM2)f.@OYge
Ralph,rgriffittp@mit.edu,iS9+k_p@@(s
Stanwood,stenmanq@wordpress.org,eC7#%khMuU
Dirk,ddegoer@lycos.com,aZ5?V05`*t4e}X
Juline,jknightss@sina.com.cn,"iD8\""R!dBm,4n6'"
Marylinda,mboughent@domainmarket.com,"cW8}.CXek9PcF,'"""
Teodoro,tmatthiesenu@disqus.com,"jV9.ajH""X"
Ursa,umelinv@1und1.de,"fR4<""4wlA+|A.XQ"
Wenda,wspatarow@newsvine.com,"hG7!TP'L~fp""yTC"
Sergio,sjermeyx@dedecms.com,"mJ8=,hnSG"
Xaviera,xhoworthy@last.fm,oI8}~MRt9Zs02d6
Vivienne,vcrabbz@i2i.jp,vA3'vssWy`|r?
Chrystal,csiemens10@bravesites.com,hP6*daZ10VgcO8j/
Chiquia,cobee11@cargocollective.com,nG8/ocoB7IFA*lb*
Caril,cpowis12@livejournal.com,"mU3!""vDiXI"
Min,molennachain13@youtube.com,"eW2+T/%7/?IG"""
Dalila,dswine14@salon.com,"lS7%10NA6*=AEN,%"
Dilan,dguilayn15@illinois.edu,bB4!Vq|ScS).
Griffith,gabercrombie16@quantcast.com,vX0!z()Hi)!g6`6`
Enrico,etomsett17@freewebs.com,xA1%IresNk8
Jo ann,jayer18@amazon.de,wK6}x?&&
Mala,mwhicher19@mapy.cz,jF5#MF@aMEMXE22I
Sibella,sbielefeld1a@sciencedaily.com,xL8/UsbL6g
Brantley,bnodin1b@indiatimes.com,lQ4'lzoMqmhs_
Ramonda,rgelling1c@seattletimes.com,xZ7({I\'cZCmAp%~
Hyacintha,hekkel1d@parallels.com,wU2$MGXn&gY
Ayn,agateman1e@youku.com,"lQ1=uX&""?3y@"
Horst,hlembcke1f@rediff.com,rT2*`Fl7
Bryanty,bmaccleod1g@nba.com,"lV0>cd.o##""~$w"
Melodee,mmaffezzoli1h@com.com,gS3\{k_}U+$B!!l
Sharyl,scozby1i@joomla.org,lN1}!w8x%aCM=RP.
Verene,vjaycock1j@nba.com,hC1>!019Hm\`g2
Nobe,nleate1k@archive.org,aQ9?1Y&rZ|'
Maxie,mmerwede1l@github.com,lB6!Mcpi2<
Tybie,tdunmore1m@phpbb.com,uI8+E9h1nK
Darlene,dbarnhart1n@psu.edu,wI5\MRu@g1o
Klara,kfielder1o@reference.com,cB7(*\zF
Cozmo,ctourne1p@ebay.com,cP1<KbgT
Starlene,squarry1q@rambler.ru,dX5?WI*8QD3
Manon,mpotten1r@samsung.com,"dP1""bHFy\Y{"
Ranee,rdale1s@rakuten.co.jp,wN3'I{koB@
Katy,kcoggill1t@spiegel.de,oE1=&=1Z
Kathe,kkleinhausen1u@cnet.com,uW6)r?LgIk
Georgy,glodder1v@google.co.jp,dT6$B$pn
Ludwig,lbatch1w@etsy.com,wG1'US+>P
Olly,oorht1x@sakura.ne.jp,iZ3&T>f.\iyiTj.I
Marijo,mgheorghescu1y@intel.com,yQ0_g{IbR8_
Brittney,bscarlan1z@acquirethisname.com,aO6\jY$2
Emmerich,esilcock20@ebay.co.uk,jO8*2UyC=4
Shannon,smangham21@bloglines.com,hM0/p`T=
Hollis,hqueripel22@yahoo.co.jp,nH4+7Qb@zO
Loree,llandre23@huffingtonpost.com,dR4#CDUSIaYj(f
Rodolfo,rugolotti24@nature.com,lK6*/<RayiNx6
Bayard,btuther25@apple.com,tM2}X1+MS5lH/%jl
Yuma,ywhithalgh26@cocolog-nifty.com,kA1`RCVyBOSQ
Dieter,dblumfield27@marketwatch.com,dE7/OPs.5S&&O4.B
Colline,ccostanza28@wisc.edu,"zE2=BX,yuzZx"
Susannah,sswitland29@weather.com,"sT6""""UkB8"
Mildrid,mpobjay2a@cbsnews.com,"iD0""px4I"
Denny,dpaudin2b@sakura.ne.jp,oC1\C#(JWs`k
Lindie,llaraway2c@cdc.gov,eG1%VE&\uFY92
Juli,jlaible2d@bizjournals.com,pC7>M0KD~rA2A)
Ancell,arive2e@telegraph.co.uk,cI2..sF9Tn1
Wyatan,whuff2f@dell.com,lQ0\jU0Od3wS
Tymothy,tsmelley2g@quantcast.com,"cH2,v9>&Mjl}5lt"
Theo,tentwistle2h@creativecommons.org,bL1_B&NA2ulG/Mo'
Kingston,kbellas2i@buzzfeed.com,tF2|D|$VW(e1
Thomasin,triddich2j@people.com.cn,uV6*Y2E>|E
Mirabelle,mdidello2k@telegraph.co.uk,fT9.Kv=w{d8V
Morena,mwhittlesey2l@marriott.com,mG7/bTFvS>H4kw
Janis,jsircomb2m@utexas.edu,"xH2,1eQS1"
Will,wphilipeau2n@goodreads.com,"rO1\\'/m2""r*.?"
Taylor,ttilmouth2o@devhub.com,bH8=l%z(h\
Sheila,swelling2p@mayoclinic.com,dQ3<Llp}Xy8#3
King,kitchingham2q@symantec.com,"vS5=.,bwG.U?"
Spence,srowston2r@harvard.edu,bD5\S6dKR@q/.V3
Terese,tblasing2s@yandex.ru,lU0')<<d
Laurette,lhoovart2t@timesonline.co.uk,qZ1$ue{}xL
Sheffie,sduckworth2u@tripod.com,eZ6)@DM6NX
Sergio,smcquillan2v@ucla.edu,zP6%(YuXMk
Angelita,afroome2w@csmonitor.com,lO6!h)40(4r&t
Dun,dnowak2x@netvibes.com,"iE2'Ch2j"""
Meg,mwimbush2y@miitbeian.gov.cn,pL5{`tbvyq+P1
Stefania,shallifax2z@npr.org,yA5<mg{}|iQgoEj(
Valerie,vparfrey30@goo.ne.jp,aL8/3yk\(?BrD}<
Bren,bspafford31@addtoany.com,vX6<45/)d>{OriP
Verena,vgorger32@joomla.org,oE1(cBG3
Erl,eyonge33@hud.gov,nA6@Pj4@
Annnora,abayley34@youtu.be,eU2+yM3tMG0R%dK
Ingemar,ipetrello35@123-reg.co.uk,qG4+|R6K0Jy
Lorinda,lmcilraith36@purevolume.com,dA3\e1qZ
Sibbie,sborrowman37@webmd.com,oF7|+gOhLep
Bianka,bgrady38@huffingtonpost.com,kD1!e?~/\0
Easter,echalfont39@fema.gov,gA6}vwumOU~IhcW
Bette-ann,bbrennans3a@apache.org,"bD3{,a@S1+dtCd`"
Norry,npetett3b@samsung.com,kZ8$6Q)@
Rachelle,rsimla3c@google.de,"gG9@9_""I9Br$+0K"
Emiline,eaddeycott3d@fastcompany.com,lY2&0YIWk~Tlk_V
Terence,tbrandino3e@cloudflare.com,yB3_xXE%PO
Jenica,jbennoe3f@alexa.com,pO4%|_X<i3}7a*
Stuart,spymm3g@php.net,"mT5\Wvso,|m71'g8"
Townie,tridge3h@phpbb.com,"pU4+N9I&DPSb""&1"
Cynthia,chutchason3i@toplist.cz,oZ9{eTDf'mE|
Cyrille,cpaish3j@hubpages.com,kY0/#xnK{clFsimb
Wood,wgroucutt3k@msn.com,"qF3!AV,Q+p}1"
Jean,jlindberg3l@earthlink.net,yG4/1`X@19WGH4k
Nicola,nmcgilmartin3m@xinhuanet.com,eL2!cR+H+>Pb\0
Terrence,tsouthwell3n@pbs.org,jX0}`U8Hx$z
Branden,bbranston3o@google.com.au,bK3>GvE<B(BJr|i
Shandy,spittham3p@sourceforge.net,sD6/7MjhhySj8{A~
Tonia,tbeinisch3q@china.com.cn,fH9)5a.xG3j
Tanya,thorsey3r@multiply.com,bH5+pVm62ZFH
Marlena,mbier3s@squarespace.com,"vI2(,hW/P4"
Chanda,cmedeway3t@icio.us,"wC7,g+*V"
Shara,saleshkov3u@taobao.com,lZ0%2BME\
Claire,chambleton3v@mit.edu,aO6>rAU#6MU*}Q
Kylynn,kfeechum3w@marketwatch.com,iG7'?iC8Gp
Aprilette,agretton3x@blog.com,jR5>IkSN
Roselia,rkuhnt3y@wikimedia.org,bI8&@+nG<X}
Andy,abettington3z@wikispaces.com,sJ3$i!z&OG<s3
Weber,wfaltin40@epa.gov,dI1?(l(8IG{b8/!
Samson,sseyfart41@webnode.com,vO9>z5SONE.&!N9
Thalia,thann42@buzzfeed.com,lS6\uH/L>
Seana,shardington43@weebly.com,sE9%n{JT
Marie,mbeggs44@theglobeandmail.com,iJ6_A#9cW
Carma,cdaile45@netscape.com,xX5+P=}0o<t'y
Marta,mmackellen46@google.com.br,yY7%*4G16E
Nelli,ndaubney47@loc.gov,bM5{7M9M!`V}
Robbi,rrollins48@army.mil,uY7!xGby!=aXNSa
Euphemia,eream49@globo.com,"uY1,&3\BzOv"
Siusan,scrannell4a@angelfire.com,kV0?c@63(H
Dominique,dugolotti4b@networkadvertising.org,"pG4*|H,EtJCG"
Belva,bcominello4c@nationalgeographic.com,jR8_s(82
Lory,litzcovichch4d@gov.uk,rS6+gH{gD&
Phineas,pmcquilliam4e@china.com.cn,"aI0!""6HHr!c"
Leda,langelini4f@seattletimes.com,dW1@kRWwk?@xR)
Manny,mchessor4g@ameblo.jp,"gX8&IIi,TS1?0>W"
Cordey,cblewett4h@stumbleupon.com,"gO1,nvhro>="
Baillie,bsandey4i@artisteer.com,"kT6>(K""zD&"
Gilberto,gwallwork4j@eventbrite.com,fH7)Vx?*LF9
Violette,vcowcha4k@desdev.cn,hV9}E+0b
Shepperd,skeeble4l@kickstarter.com,nK7|T??v_sS%t
Rab,rcinavas4m@cnet.com,"cQ3%U0`O=HN7b""D"
Michele,mcheesman4n@cisco.com,dL0>dW*@i5HO
Zuzana,zgonneau4o@umich.edu,"nR5}.U""GsJ"
Lezlie,lkitchingham4p@google.ca,sN9$V.~\Q
Ximenes,xpalin4q@google.co.uk,hC6`ha}Rm
Annmarie,aassender4r@prlog.org,gM2_1MlNQh~Y}Wu'
Aube,ajirka4s@hexun.com,"nX8,+HA~"
Pavia,pfollin4t@columbia.edu,yZ3>nD3ysgD
Neile,nsherlaw4u@craigslist.org,"mV8{9~CS,/tF**"""
Pollyanna,psebright4v@tumblr.com,lQ2{Dpi}d2~`
Cleo,cleacy4w@tripadvisor.com,kD4!F2!m8@*.K
Jenda,jtyer4x@youtube.com,kE9`B2uR*330tpL
Ninnette,nkerfut4y@desdev.cn,uC5+5.%6%yK3l&/J
Jessy,jeglaise4z@usa.gov,oT5}|T`g<
Meghan,mredman50@businessinsider.com,pC1.!8)p
Sidoney,scobden51@wunderground.com,fJ4{B.\iC/@
Nike,nbrandham52@list-manage.com,mI1?sLv!D)jLN
Alli,amaccurley53@cbc.ca,iK4>pmF3qi
Margy,mtrowel54@dell.com,lZ7~jd_QpIkb
Rani,raikman55@csmonitor.com,gQ4*#AOj4#j19yJ6
Boris,brainville56@gnu.org,zJ1{QKhV*EKFLv
Dex,dgilardi57@springer.com,bW1/E.%xCFO(V
Randi,rdegue58@cam.ac.uk,uD1+VNzU_&fw1F
Dru,dadolthine59@xing.com,"nJ0{&.G,w=""T"
Allan,aarundel5a@flavors.me,"fS8>y|7h#>Sx""sZ)"
Barnebas,blambden5b@bloglines.com,qG6%!ChbtL
Zelig,zilett5c@instagram.com,cU0\!_xA#43
Lenci,lloynes5d@usda.gov,zU6#MyQx)$ArK4
Marcile,mcyson5e@statcounter.com,"dT8,z73b{uY+X+8l"
Millard,mciepluch5f@joomla.org,pW4{{.(b033nG/
Rodger,rdoyly5g@umich.edu,xY7(AveT&_GW60w
Willa,wmolan5h@engadget.com,rA0>ZD!j>deQaTYc
Murdoch,mmcquie5i@vkontakte.ru,vO6?87hI!
Daron,dmaiklem5j@prnewswire.com,nK5<$gx_}cuV
Pennie,prodgers5k@weather.com,zD2(n9dHJ<O9>Sw
Skippy,skaye5l@homestead.com,yY9!Kaf+z=1#
Pepi,pdelayglesias5m@census.gov,fC6!jj_2%u
Eben,eworg5n@mapy.cz,cI0$kQ7un1
Stephannie,swein5o@etsy.com,yM8/iDw8tR
Charley,cgreenalf5p@cyberchimps.com,lJ5)H.Hv.CRcbb
Tam,tgothrup5q@tiny.cc,hH6/)'x9N~B.}
Hamid,hcorking5r@prweb.com,"uO7*+F""yt"
Mycah,mmacmickan5s@ehow.com,mZ1'Ch+@v
Nappy,nparkey5t@last.fm,uL3<_1ouLy_
Dulciana,deyton5u@nps.gov,qH1%7YTa!
Melli,mdullingham5v@google.es,aS2~R2Kc0B
Emmalynne,elaycock5w@wix.com,kK5$O9S31$f$kd
Barbey,bnolda5x@ca.gov,fX7$9t6wc&xunppc
Mac,mriddiford5y@yahoo.com,xY1|F2q'Ct4SVmL
Dacey,dperrie5z@marketwatch.com,hY8/&nVX\G5212T
Wallis,wfrary60@fastcompany.com,fI7`nmE!8*Dagh
Addie,apietranek61@amazon.co.uk,kD9?X~P%gA
Bathsheba,bspilsted62@scientificamerican.com,"zC6%@,h9B}""t,i7"
Orazio,obenoix63@nsw.gov.au,bS7{U}$g
Care,csoreau64@technorati.com,bY5~jVg1*IJ}eBI
Archer,amckennan65@ebay.com,wL0\WPaJ_2z
Sybil,sbattrick66@nsw.gov.au,sR6@0pVTh
Vaughan,vjoliffe67@nsw.gov.au,"lL5!c,.`Ifz!~6(C"
Alana,agoodbur68@dailymail.co.uk,nG8!<l>`ls
Evelina,esaintpierre69@amazon.co.uk,"nS6)""kjm<p"
Lori,lperez6a@spotify.com,kR7>E}1ndqBMm?(
Corinna,cditchett6b@foxnews.com,"aU2,9zwuiK(|{c"
Georgie,gzorer6c@go.com,aN8$soz@/r0N5W
Riannon,rclines6d@nasa.gov,eC2{\r!3
Kane,kyacobsohn6e@sciencedaily.com,"jS6+pbNog""Vu9XU|"
Fina,fharrigan6f@pagesperso-orange.fr,fS6\2g)@@27
Griff,gprestner6g@statcounter.com,pR2~{%x1ZL
Darn,delmhirst6h@xrea.com,jW3&!2z(`>BJS
Blondelle,btregidgo6i@usa.gov,oY7{%qX\7a@8
Gloriana,gbiset6j@businesswire.com,iK5&PDf1sih@1J1/
Robbie,rlinnard6k@comcast.net,fJ9+%xcJ6(Jj.La
Thea,tshutte6l@wikia.com,vP6.7)*oE4ugsH\J
Erhart,eyushin6m@unesco.org,hI1$SU.6&<GM1
Rad,rhavik6n@google.ru,yJ4#FV?Tu}MCHL
Mordecai,mbillsberry6o@indiegogo.com,yR5+4xlE!J
Brigid,bcarne6p@prlog.org,"qB7""_?ZIMH8'~sS#"
Amelina,aperris6q@huffingtonpost.com,hT3#hzTNE1w0p?OM
Abbey,aeldrid6r@jigsy.com,iH2~|o$4fZ/
Udale,umongeot6s@t-online.de,qA7*sf~uV?Vu
Pearla,pmowat6t@de.vu,"rZ5,~&8(l2"
Natty,nloftus6u@toplist.cz,zY7)q2t20
Trescha,tbrasher6v@umich.edu,"fU1,$m(EK(Q(\i"
Huey,hthrussell6w@soup.io,zF9<\7|&*W
Zelda,znewell6x@ning.com,gG0`w=c'6
Vikky,vsidebotham6y@aol.com,mJ5\j9nK
Jonathan,jpurkins6z@statcounter.com,"xB1!C\ZV<,D$eD~"
Kin,kbreydin70@blogs.com,mE4.GX9L&?m3I=@
Dinah,dandroli71@amazon.com,aG4`IvjbU
Katerine,kpopham72@springer.com,xQ4?Q(<D
Myriam,mgraves73@ebay.co.uk,"bZ4,GkNS""snF"""
Swen,selmore74@last.fm,"nR7,ed(RO"
Pia,phourahan75@jalbum.net,oW9$owM}U*U`Xy0Z
Silva,sbiernacki76@bloomberg.com,eC4`/Mqw`IC}*7~#
Fern,fgillean77@microsoft.com,bI1))UP2X$4'
Dita,dpalfrie78@forbes.com,bS4?r0tMl/3W
Joshuah,jjerrolt79@addtoany.com,hO3>1fi!e#Y
Kacy,kkrikorian7a@fastcompany.com,qF6`*?*j)zxh6h
Valentin,vsugar7b@list-manage.com,hM4<AZIxi
Barney,bramel7c@a8.net,cP6#fJ4Wu
Leighton,lcolleran7d@blogspot.com,vU0!br*e?
Adan,arichardet7e@altervista.org,"jH8=H""\kI3t)>"
Mead,mbunclark7f@bbb.org,"pG6,qY{>2k}..ks"
Anders,arahill7g@digg.com,yG9+a0r`3<
Danny,dcottie7h@quantcast.com,qK6&ACp0!N
Almira,aaindrais7i@springer.com,"qC2_JJ`k@C,e"
Christophorus,ccooksley7j@weibo.com,rL0=z&YRn+>GlPF
Ida,isegrave7k@addthis.com,oO3=DJ%6%Fu
Atlante,ademcak7l@tmall.com,qQ3/A4ZdJtlD/!
Prince,pcanizares7m@china.com.cn,"sK6""{&PX.2tam"
Maurie,mgould7n@goo.ne.jp,wZ5>7y/$
Faulkner,frhoddie7o@drupal.org,"zO0*zFhxWW/r/Y"""
Christel,cberk7p@bloglovin.com,uB7+<zJmQ
Kathye,kpilcher7q@nih.gov,cT6&@0h*wG#aPf
Roselin,rmorgon7r@ucla.edu,"lP7@$1,n"
Jaymie,jmcure7s@ebay.co.uk,rB8$iV'!FUo(I=s
Rickie,rworlidge7t@apple.com,bY0}q2ky\*PGj
Georgiana,gdory7u@salon.com,"wA3*c,lgS4VugfA{"
Zarah,zlukacs7v@home.pl,nN0.s!6$B)P5~y
Barris,bprisk7w@tiny.cc,gK7|5++Un6Xk&53d
Roman,rcracknell7x@webs.com,mQ9+frYd!h{n|}A
Alissa,amakey7y@technorati.com,yX5`eLFX|SvR.<A
Vivyanne,vburn7z@google.com.au,iN7\gS*a
Tonya,teastman80@mlb.com,"iX0+LznakIJ"""
Zulema,zbulch81@vk.com,"uR5)g,%9c<ec&T"
Caitrin,ckemmons82@linkedin.com,"kC0%Q!3+F""T"
Adam,ahearn83@illinois.edu,"jD2=0ordtR""3ql"
Torrance,tfaber84@csmonitor.com,"gI0+""@F9`em!=WH"
Kimmie,kharral85@a8.net,"eE0""6?Tgk!)=x$%"
Suzie,scommins86@bloglines.com,"eX5*""dru\K"
Ame,aelnaugh87@state.tx.us,zD7=@IZb
Corella,cgawen88@engadget.com,aH2`aQWQ
Muffin,maland89@google.com.au,vP3|jip*``<8O0.
Clarence,cclout8a@senate.gov,zO0`V@~Sf
Lyndsey,lblaxall8b@oracle.com,"sI7,bf%xOFzQ?{"
Beau,bburwood8c@weibo.com,"nG4}s9x'T""H'N$G"
Kristi,kcovino8d@youtu.be,nB0}BNs%v5Jh}0@
Renato,rferrelli8e@ehow.com,oX0&=zf}R
Alfons,adyet8f@cornell.edu,"nN8""D'1cJ6"
Mendy,misard8g@qq.com,wJ9{#o6ZZf+5CLN
Mohandis,mfeedome8h@arstechnica.com,dL4?i{N)mEv
Normie,nmuncaster8i@youtube.com,zS5<T%OERSpc9wZc
Georgine,gsenner8j@tripod.com,qS1'Prwd}Y
Jaimie,jbentley8k@ihg.com,"jL0""8Kk~W%xJrsJ?"
Almeda,agasparro8l@usgs.gov,zE3>?*2{BrBXT0(I
Aridatha,ablackaller8m@technorati.com,pP0}1B0db
Brewer,bdoleman8n@washingtonpost.com,kI5.S~y>d{mytfYZ
Arny,aharrema8o@google.pl,jS5#!+Zu<.Mk~a
Rosina,rweyman8p@arstechnica.com,qC3+CcGqa/t+>zA
Cesare,cpopple8q@ucoz.com,"mS0(z@(%Ed""q"
Gert,glichtfoth8r@prlog.org,xB6+vANG%Yg(
Jolee,jsevin8s@yale.edu,tJ2@9jtFhAjaELf
Libby,lkilty8t@prweb.com,wG6@Ct?4`'!h{c~x
Lemar,lcowlard8u@shutterfly.com,gV1<\?z\h>~n
Culley,csawfoot8v@japanpost.jp,qP1#m+dkn
Aubine,awyleman8w@berkeley.edu,uR3\jlktecO=pe)z
Joelynn,jhowson8x@digg.com,"fY5,b!A06sO0in'"
Donia,dshottin8y@europa.eu,"gS4>?62Fm""ab"
Joellyn,joffell8z@mapy.cz,zU9=hh/H
Dixie,dohogan90@networkadvertising.org,"mC8""f}m{|c"
Emily,ebockings91@twitter.com,tD5&gC+K=QlmBO}/
Gregoire,gkelso92@qq.com,yJ5'7VnuM%U<gVQR
Marcelline,mgramer93@netlog.com,aD0}{)b'/YLIHp
Joel,jtrubshawe94@w3.org,"nI7""RFj@q8?"
Kimberly,kstarrs95@dailymotion.com,"cK5$?A,,5g"
Maridel,mmenault96@examiner.com,lG2_\f6ZuX`9g
Miller,moscollee97@is.gd,nB0*/+@'7{
Eldon,espratt98@naver.com,"aO0|""%//|fM"
Korella,ksatterley99@networksolutions.com,"yN4,_,gq"
Ariel,afowlie9a@google.com.au,tI1\4ogZoxyU>V
Lilith,lteodori9b@facebook.com,"bZ2.p~@|~"""
Kain,kmatteoni9c@cbslocal.com,"dT7,\#UM?h85"
Ogdon,ohagan9d@symantec.com,"fD0@{W,B|}(b<"
Rancell,rladlow9e@intel.com,nO1<4jN#L8Ty3Hl
Jocelyn,jmcgloughlin9f@reddit.com,gP8}c6vG$\N3
Reena,rbrentnall9g@examiner.com,"wT4""*CR+0_p"
Christos,cradeliffe9h@dailymotion.com,"iV2}_n,mt<Hn*a"
Wally,wkernermann9i@livejournal.com,yP9#/16VpcKQg
Erick,ecorpe9j@yandex.ru,fG5!w}0|!c3\N)y0
Kermie,klooks9k@answers.com,dG6`x~{Bd0&vi
Bondon,bcaulier9l@list-manage.com,bE1)?*b62
Terrye,trockell9m@yellowbook.com,wN3){@}&)n4
Randa,rcasellas9n@hc360.com,zK0&ogWqVRQjCz
Pearle,pmitford9o@wp.com,aL3\38xaRJI!aYX
Modesty,mesland9p@samsung.com,"vD5"">qo4pp""5("
Caesar,ccrummy9q@omniture.com,qC5's~aC8o@O
Jessalyn,jiacivelli9r@admin.ch,"xJ1""\""s(nZ1s"
Normy,nkruger9s@blogtalkradio.com,wN1=Cs?o
Mathew,mbradbury9t@noaa.gov,"bD5,!*8A18"
Stavro,smoggach9u@fda.gov,yW8_.gXWCS
Enos,esoff9v@google.com,tF6.|35/
Davy,dbarrand9w@ovh.net,mV2$L*Z0J
Car,crosevear9x@msu.edu,"dA4{~}fz""XGqz"
Daryl,dbowring9y@parallels.com,yW9=KRJfxhs7
Amos,achristaeas9z@yahoo.com,yS5*sOFng`hHrU
Saunderson,srusticha0@dell.com,yX3\qW1bkW1N+@\
Jarad,jbalfea1@uiuc.edu,tQ7&Rn1wh_&mFuZ7
Kikelia,kdevineya2@gravatar.com,aX9{H>fHY
Andrey,ayanysheva3@blogspot.com,kO2#kq+%RHK
Andeee,avernea4@macromedia.com,"uG2""MQus"
Derrek,dolliviera5@blogspot.com,"dI1(W,9j"
Sheryl,smagistera6@smh.com.au,gL6#<\XA#f`>pX<
Vernor,vklaaasena7@imdb.com,"rC9,1Fq+)!A"
Mellisa,mfilipova8@usnews.com,xS1(eOdI?@KvayeH
Saleem,sfolksa9@yahoo.com,kW7@pqm#X?Q(Z
Scotti,sjeannardaa@bbc.co.uk,dU2+YmX$Cn
Jacques,jmcgreilab@wordpress.org,tZ9*|Zh1cAL1
Pearle,pfaircliffeac@cocolog-nifty.com,wD5)j#4B3Ck
Ludovico,lbodemeaidad@pen.io,"rL5,e<No"
Linzy,lslocomae@slideshare.net,lN4+F7o201%77
Jacky,jvarneaf@wsj.com,wH1)27*y(=R
Mikey,mcarnag@trellian.com,"vK3<_y<w""q`Rk$@\"
Maury,malcaldeah@xing.com,nG7&W_E$O/uerh
Skipper,smaceyai@thetimes.co.uk,cY1$(?17us
Cheston,cstephensonaj@symantec.com,yA2%3}w)`ELGidRC
Eleni,edoblinak@elpais.com,vW8~GpJFs3Vl?0
Carleton,cslatenal@godaddy.com,sY9<\%WP
Sayers,sdorrinsam@ocn.ne.jp,cM4)O=Z5D
Kirsti,kadamowitzan@netvibes.com,"iI0)4.8}IO/,"
Catarina,cgregao@yahoo.co.jp,nP1&+YZVX@EL0VB
Durand,dtapeap@unesco.org,eM5@*(|jYm`P5S
Yovonnda,yeastwoodaq@eepurl.com,mW7`F+$U_2Ncl`R
Arlen,abradnamar@newyorker.com,"aR0@vKv,Ka`c"""
Stan,sflamankas@mac.com,jM6*uez@295.%m!
Wolf,wsummerellat@cdc.gov,oS2{MF@cAhuck
Packston,paingellau@is.gd,pV1'tp+so*&
Deloris,dhardwidgeav@quantcast.com,"aJ8_!KN""hb>ai'pv"
Kit,kjuanaw@pagesperso-orange.fr,fU6.)aqqwjQAZ<Vy
Zarah,zlintheadax@chicagotribune.com,"nG3>0z7,WOaB"
Tiertza,tgrumbleay@reddit.com,kO7|9PHX66P?
Harris,hsalvatiaz@soup.io,"hW9""*Z.|3LnV""("
Dyane,dbondsb0@google.com.au,qP0#4+3AlsvfJl
Devan,dnatwickb1@wordpress.com,vJ5@EKcgiDQ0J
Obidiah,owhithalghb2@redcross.org,"wZ8,`D2/r"
Karna,krosenhausb3@army.mil,pP6.1>3j'\kF*tOk
Ignacius,icorainb4@geocities.jp,bU5=U.)=Q*g6KJP8
Jacky,jspallsb5@xinhuanet.com,vQ6{O8c09
Editha,ewaughb6@storify.com,iW2\D\|{Kkje!?+
Donal,dbaudb7@ifeng.com,"uD4@JqG""+oJ$@<"
Darn,dcaughtryb8@networkadvertising.org,nB4)OtG~K
Bev,bpressnellb9@patch.com,lP6|jym{kq
Lanie,lborderba@dion.ne.jp,wQ4@Juyg6
Carl,cmacfadzanbb@mayoclinic.com,cV5!QgglJJ
Evelina,eblatcherbc@noaa.gov,mG9(&2&)
Alwin,awindusbd@newyorker.com,bF3@#Ezwt.
Willdon,wogleasanebe@google.com.hk,"gA0>OJsbE,(a~qi"
Stacy,sdimariabf@cnet.com,"wM7!,HRa<,<H"
Rudolf,rdeshortsbg@microsoft.com,zP5!$vAv
Agnella,aocahernybh@ca.gov,gW5/c3w6
Randene,randerssonbi@ihg.com,pQ7?W9gLsc(AJ)
Ramsey,rallinsonbj@vinaora.com,"pU4.Oc!,U"
Netti,nclemesbk@phpbb.com,oN2&P5Jyz)8Nq
Perkin,pbarrarbl@clickbank.net,fB4&Q1V*
Erick,ebarstowbm@nhs.uk,qS0%P'5Go!Nju9
Sebastian,smaddisonbn@ovh.net,qB5`$`+4Vq?
Kate,kgulstonbo@hubpages.com,pU4}1qxCxO3iF8(
Heath,htruebp@senate.gov,"zB5""K}'9aL"
Melisande,mpetrozzibq@twitter.com,gW0~4Z6X
Brandyn,bwhorltonbr@blogs.com,yZ2.vM7Ckr53T1e@
Conrad,cmcgaughiebs@merriam-webster.com,iN2|\Y|Eeaf
Nalani,nivanetsbt@yellowbook.com,iI1~e?BQS)tjFk
Kim,kemilienbu@arstechnica.com,"sQ2}1Ii+<,"
Syd,sgreenhillbv@technorati.com,uB1&qkQH}+JalJ54
Lara,lhaycoxbw@e-recht24.de,gR7\1Y5{
Zane,zstakerbx@dell.com,fG9|?(nuCMdHfxA
Nefen,nseideby@ucla.edu,"uX3.CW>z0E>,`},Z"
Alexandro,adabbesbz@samsung.com,zR8(81RiVH+Vm~T
Min,mbartkowiakc0@blog.com,"tD0\a""v1xC,l\T"
Cchaddie,csimondc1@furl.net,fY0*\!GB8)OL9u7R
Tedda,tleghc2@samsung.com,qR6{PsPgLy7s
Marley,maskewc3@icio.us,uK2><LVki/=+/zv
Sloan,stabbittc4@ihg.com,"tV3""YRK{{"
Mercy,mcosbeyc5@whitehouse.gov,"nN2>PhRTXtZ_"""
Jourdain,jmcaviyc6@is.gd,eI7|$VnmL.
Rudiger,rsandyc7@washingtonpost.com,tR9#nT}.uK
Philly,pthomec8@redcross.org,kT0$jFG1>
Shirlee,scamellinic9@usda.gov,vO0\SWkNQ@vw\
Kate,keillesca@prlog.org,kW2\VAt@
Lilyan,lgreenhousecb@theguardian.com,rP8?LtibcbuK\6(/
Normy,nchristenecc@examiner.com,vQ0~+F/t
Bertie,blomathcd@seattletimes.com,"oO9#%)P<""UahwK6@"
Kara-lynn,kpickerillce@apache.org,jM4`2#>pEA
Tedmund,tprimecf@cocolog-nifty.com,uZ2~%4u7e?\FyD
Jacobo,jdugdalecg@cyberchimps.com,nF8(z2hf
Dominica,ddrakesch@weibo.com,yS4?c1~o{Yn
Meg,mscophamci@omniture.com,fR2<#`T6)6OGHU%
Udall,uwhewillcj@t.co,cM2#16%i0q(\)?0
Grady,gglasperck@goo.gl,"yA2.?9""g}=Q(Q"
Martguerita,mrollasoncl@geocities.jp,tN9}EQi9k=p>Vc?
Ginelle,gmeocm@cdbaby.com,hM5&cYvsC447M
Kenon,krayercn@skyrock.com,bK1)PCFh\b%
Alan,anoiceco@macromedia.com,"mB4@?s,U%!+.RRM9"
Morganne,mhuxtablecp@elpais.com,fN4&u\A8
Felipe,fkintishcq@nhs.uk,"rV1""()0sB@?k"
Kylila,kguymercr@github.com,"bJ4\QUsEwl""8b"
Georgianna,gadamollics@buzzfeed.com,mK8.I>LAu5~@MEEi
Guinna,gludeect@desdev.cn,"oG6+FAV,B#"
Englebert,ehanshawecu@ucoz.ru,"aY4&{7KC,sagQAAT"
Suki,slongegacv@spotify.com,cL8_`!(!EYQ
Brucie,bgavarancw@domainmarket.com,"fW7~wY%ti,"
Ruddie,rfancecx@quantcast.com,vF6)k+%xyd1D8c
Willi,wbrooktoncy@fda.gov,nX1_#uUjiv
Stephanus,sbernaldocz@ibm.com,iJ9>e!gFh
Osgood,omckeeversd0@wiley.com,aE2!`c\d{F
Florella,fbangd1@alexa.com,vV4(h\)M>s<5DHy
Archer,abrotheridged2@example.com,"dR3""D4!tJI,bm"
Hedwiga,hhaddend3@webmd.com,nC0@NB5Ghgx0
Mathilda,mcarnachend4@qq.com,xA5+@7#0Q83
Arlan,agidmand5@liveinternet.ru,"gL2,Yt>}mEau"
Euphemia,echingd6@elegantthemes.com,"kB3'28F,JrQo"""
Gaynor,gmaitlandd7@ning.com,bA4~(jab|ReN0dH
Sumner,ssafelld8@cbc.ca,xC5~9ZL87.}ts
Malia,mmithund9@slashdot.org,"vA5%JG8J>52"">md"
Jamie,jloosmoreda@google.co.uk,"nW1_,`/`"
Iris,ishildrakedb@yale.edu,kN6\EYnOQ=q
Bryce,bshirerdc@reddit.com,qE9&u!T{1_9\8
Dougie,ddiluciadd@dyndns.org,"rB7#P`nC,BOZ'fk"
Raul,rsisselotde@marketwatch.com,"aO3..EV&I""&Jnwm"
Mitzi,mswaloughdf@imdb.com,tF3?AFc?=C
Haze,hbottinellidg@discovery.com,"xK6)v,|<"
Harlin,hbunnydh@naver.com,"vK4""C5KUM5)?"
Carine,cjacquesdi@elpais.com,fI1'W8m<40l
Ian,icammockdj@youtube.com,lC3#dVKT
Cyndi,ckitsondk@bravesites.com,vM6~||}mG3
Brett,bmoseleydl@tripod.com,sN2#B?{P|ssL.D}{
Tabbitha,tfranceschellidm@ucla.edu,aY4~_G$v6G_SV_kd
Talya,tpetigrewdn@smugmug.com,oG4@%W2bi
Dore,dmccolgando@squidoo.com,"vE9/<Jaj!|F""5s"
Berti,bdarnboroughdp@scribd.com,"xH0<W7/t(EIo"""
Collin,cthamedq@icq.com,xQ0`I$9Am1UyHRc
Jeremie,jprimmerdr@slate.com,qK5$PGt%7n~
Selby,scoltmands@wikipedia.org,"tE9#D1?Cy{)o""WC"
Nora,nsawldt@dell.com,eV7_MR.sWICfC4jX
Ripley,rhendriksdu@yellowpages.com,qD8~_$#i*
Revkah,raustendv@ycombinator.com,"mW3,L',~fv.v"
Marillin,mfiltnessdw@ifeng.com,"cE5$q@1op#""9"
Rafi,rjovicdx@hubpages.com,uX0&&%S/0vNa
Evey,edaaldy@bloomberg.com,"iW1_hjXV&?""z1"
Luke,ltippelldz@acquirethisname.com,bI2&s<*qQRM%<K
Christi,ckillingworthe0@360.cn,wR8/Y<)gC{B
Madelene,mingamellse1@pcworld.com,sM1$JsMMBcBy
Leone,lmcfaddene2@1und1.de,"aL3=W6""#)IZb"
Karine,kfidgee3@harvard.edu,rC4'V|=/?
Myriam,mcrucese4@twitpic.com,yY1?416W8bm
Gael,gdansere5@skype.com,pV6.9|hm3
Daisey,dchampee6@tuttocitta.it,dE3{.Pia*.
Kettie,kjovicevice7@wisc.edu,"tJ1!_u(08Ie""T\"
Constantine,ctronie8@flavors.me,"vJ6""gZ!U,}"
Dallon,draoe9@earthlink.net,dV2`XN0RJh5X+=
Leese,ljimpsonea@reuters.com,vB4=z2.z
Barny,bcamingseb@quantcast.com,sE7|D}ZMJEZ>g_T
Irena,imordecaiec@dailymail.co.uk,mS6(Uvy3hc6
Bernette,bcossletted@reuters.com,"fM6""v=\}%G"
Janos,jmcallenee@wsj.com,"oO0<@<(ptn(m,Z"
Vitia,vhierroef@purevolume.com,sL5|h7_=50i
Sonny,sofarrelleg@cpanel.net,"vJ5|@9~wwHW.,tN"
Lois,lperfordeh@pinterest.com,uA0?yQBgIW7
Averil,arollingsei@sphinn.com,"uR4.$`bc1|"""
Eleanora,eopyej@plala.or.jp,"nY4>#""jZp+"
Gayler,gbezantsek@behance.net,nW4`uZxXa`Xa6OZc
Sisely,sattenburrowel@cyberchimps.com,xZ7\!k>g{c
Peder,pbattershallem@ifeng.com,"eY1!h,/N7"
Annmaria,amaccambridgeen@latimes.com,mI8)yS)DM/W
Ingrid,ibettertoneo@shutterfly.com,tS6`D/D7S4lIMr
Onida,oblackfordep@odnoklassniki.ru,"uH2.Q\rTnC,@"
Goldina,ggehrtzeq@zdnet.com,mE8|1\cS~m@W
Lucia,lboomeser@webs.com,aZ5!9mXk.U
Nathalia,nugoes@cnn.com,dP9<|1&s2Rw
Holly,haldrittet@sbwire.com,qN5|771wy
Katalin,kwillmereu@live.com,qW0#m@p$aBPl%O5?
Carley,ctumiotoev@skyrock.com,dM7*Xh+IxS72M<=
Trefor,tgriggew@nytimes.com,lV6+W&Vm'p)
Raleigh,rwynessex@sphinn.com,lH1%WuUoFMN)!s
Annie,aheibeley@163.com,oT9)H/n2
Karlens,klambertonez@alibaba.com,hX1|R9>l})`(9$X
Tallie,tgilsonf0@japanpost.jp,oC0>/zD&
Melania,memsleyf1@trellian.com,jF6>HnKi
Freedman,fpowleslandf2@walmart.com,zP0>4@)@5
Albertina,abalaisonf3@engadget.com,nA1/l7>J
Chelsy,cmacconnultyf4@joomla.org,jN6&9Qp|vMCGR1s
Darline,doxtarbyf5@cbslocal.com,zW9$%*/}LO/'
Caroljean,crankinef6@mashable.com,sA8\pNIox09|X
Tallie,tpreshawf7@google.nl,"yY6/8,xTy=!vSu%"
Alejandrina,aoakf8@indiatimes.com,"hV5!3f""{z5}/Uv>"
Alix,adykaf9@whitehouse.gov,gZ7.dLpNxl
Wandie,wthompsonfa@skype.com,"iB3(yV*)""#/kQ'UK"
Alfons,ajeansfb@behance.net,pQ6?l\R@
Alexia,asyphusfc@cdbaby.com,fM3\_5VR4
Issiah,ipyefd@biglobe.ne.jp,vO3*.?}IBY4TO
Robinetta,rwelbournfe@storify.com,bN8*B1unMK*k5F
Stephanie,stubbsff@latimes.com,vF6?|7~C1O\UO/4
Delmor,dstrikefg@who.int,"rE6|'@s""X1"
Francene,fpeplayfh@pbs.org,aU6<Ck~5x
Lorin,lbattyefi@feedburner.com,sK2{5<QsEydgk#
Peggi,peneverfj@free.fr,oC0~b~``escU
Carlen,ctesimonfk@psu.edu,yP2%'6o0e&8Od0
Rina,rslottfl@mit.edu,cI0.mI)iA7(
Nelia,nmostinfm@exblog.jp,gA8__d}zK
Finn,fturtonfn@ovh.net,xB5(|$~V>
Thibaut,tstilwellfo@google.es,pZ5`X4JcJR
Berkie,bgorriesfp@toplist.cz,uN7=Pd9a#
Georg,glowdianefq@microsoft.com,dQ1)oaQ$v4$
Blakelee,bgrunnillfr@msn.com,aK6/~B5JM5m?F
Burch,bpragnallfs@sohu.com,xM0?2\4q9wt
Jervis,jhedauxft@cbsnews.com,eQ5>3QXkR}*QK
Reinhold,rloddenfu@opensource.org,"kF6)ls/a,"
Jillayne,jszabofv@wiley.com,"lB2*Y<x,5K6vG"
Calv,cgaucherfw@people.com.cn,sU1<B5<ZSt|)q
Abagail,aroubottomfx@howstuffworks.com,"wY8?,`pR+"
Forbes,fmitkcovfy@multiply.com,eV2+UV)~_
Mikaela,mfearnleyfz@miibeian.gov.cn,hO1'\+_P
Paloma,pgoldsberryg0@google.com.br,aQ9'NQmf_KH67b
Sophi,scollarg1@usnews.com,oJ6=xhEb
Hortense,hcrasswellg2@bluehost.com,uH3.!U<k2WQ
Ira,iharraging3@nyu.edu,"aB2+%D2,>{wTt69"
Ceil,cantonescug4@nydailynews.com,vJ2{L\K_@fcmv\tk
Graeme,gpietraszekg5@amazon.com,"gX6?NvAn2<""iqCw"
Kelsey,kmaysg6@vkontakte.ru,"jG6=@E,hO3`wWP"
Nathanael,nbengocheag7@archive.org,"kK2,%SIx"
Goldy,gdavidgeg8@noaa.gov,tI9@TG*IR?u>
Heida,hbradyg9@squarespace.com,vE4.#3cTPb}gxy7
Ryan,rpotticaryga@discuz.net,aW0{ftx$)
Damiano,daylmoregb@bizjournals.com,nO1#}gbX9N
Jude,jbuttressgc@prnewswire.com,iX9#84DOIe4g@e
Ellery,eahlfgd@timesonline.co.uk,mD5(0c#y
Ileane,ipiatkowskige@g.co,mL6@8QvM?*
Carolyne,ccalverdgf@apple.com,sS4&CoaNU
Hillary,hkleinsterngg@ebay.com,rT7})4Hr
Waldon,wbrettellgh@google.nl,iM0=_k|IMUt
Ancell,abeneteaugi@typepad.com,fE1.Pyln&5\dpl~n
Merle,mcraciegj@printfriendly.com,vK4|FitfJAeU&>>=
Carri,csanchizgk@soup.io,wX7#QMkw?
Kellen,ksirettgl@ocn.ne.jp,wD2<~*X.n
Edward,egaythwaitegm@eepurl.com,kV0_SiCZaR%.yAu1
Tatiana,tmcfallgn@cocolog-nifty.com,"yD3?dtO""PO_V"
Raeann,rcathelgo@npr.org,rG3@\{c|%
Westbrook,wbentegp@virginia.edu,"gF7!ueaN""""zO"
Alexia,aaitchesongq@amazon.co.uk,fL9`U2dA#<
Ilsa,ilorengr@google.com.hk,bE6/5HZy6M~K~?zU
Caesar,cestcourtgs@google.it,gU9&gsljNL
Nyssa,ngrangiergt@slashdot.org,"nT9'@X!Y""&V"
Rozelle,rbraccigu@microsoft.com,kB9.6It$<v
Briano,bmonksfieldgv@arizona.edu,eE7=M'YxA0w(IXcm
Ursa,utaytgw@sina.com.cn,wF8\FOtWF
Ellwood,epomfreygx@yolasite.com,uE5*)4_+Q5U/&w2
Deeann,dderdesgy@sciencedirect.com,hK9/+H#qB
Merrily,mricharzgz@google.it,fP4.mK75
Lorry,lboytonh0@dedecms.com,uN1}OL\M{5MHIO6
Ingelbert,ijindacekh1@i2i.jp,tH6{b0PC
Noel,naronsohnh2@shinystat.com,"bD0#,ygp~id+*E5_"
Mercy,mbemwellh3@scientificamerican.com,cG0!ounjj~u{Z<
Raphaela,rbarckeh4@acquirethisname.com,nX5{TU@?PS{S
Robert,rdominichellih5@marriott.com,dY2'Pvly+U/
Carmelita,cluxh6@google.de,pH0!\b#%
Elianora,esoalh7@addthis.com,"dI4""sXnR"
Neville,ncorderh8@bloomberg.com,iO2<EHP<wolu{x
Fredi,fbramoh9@time.com,vN9(#CGI<
Ursala,urackstrawha@last.fm,sH9?~!fJF|.lP=
Verine,voverstallhb@joomla.org,bM3)+U5OS5e8KPV
Terza,trosenfeldhc@discuz.net,tC7'nM1goz'WPY
Judie,jcastagnohd@wikia.com,vC9.F1JQ%
Denny,dgoodbannehe@gnu.org,aB3?/<2r@S+
Romeo,rewdalehf@ask.com,uX9<8Rt`4=a
Kaitlyn,kdraynhg@mozilla.com,"fC9>#p,@E"
Ruperto,rspeirhh@list-manage.com,zR7>|8u8&
Thaddeus,tgirardengohi@ifeng.com,nG3/{ltmiI7|
Cornelius,ccutchiehj@baidu.com,pQ5*H`_w%x<\ygCE
Hedvige,hhowathk@discuz.net,"yP8_@""SLOOS"
Bernie,bzaninihl@cnbc.com,zS4>amlca3
Kilian,khansomhm@cdc.gov,"cD4,t0bGNLL'pE?q"
Willi,wjobernhn@mozilla.com,"pL3=5*mS}<(|p"">"
Bat,bsimpsonho@redcross.org,"pP5)&,TUc)TN"
Jessika,jcodyhp@naver.com,mG5+k3_'/+7)EZd
Sharai,sdewhursthq@apache.org,uL1\t`FD?r7/
Theodora,trudolphhr@infoseek.co.jp,"pD6>,vMO#nuX'"
Joellen,jcaudellhs@cnet.com,pO0}KK#v
Fitzgerald,fdumbreckht@ask.com,wC9{cTvw
Dasi,dcorkhillhu@alexa.com,nS3~hS=$@iAvyXq
Cyrille,chullothv@shareasale.com,nD1@_=a!1Yb
Blondy,bcuppitthw@dmoz.org,fA1=#s+ITQ
Isadore,ileaskhx@pen.io,pS4%YuJvCmv)XE
Drucie,dlockiehy@time.com,mD8@U%(HV
Allin,amcvickerhz@toplist.cz,pN9&)h)t'
Lazaro,lhousiauxi0@google.com.br,"yL0(V,zH0fb)t+`"
Shermie,sboardsi1@forbes.com,gY6$L+VX
Kari,kduckhami2@weather.com,nV5!~Lq>>>YLs
Pepillo,pjolyi3@bbc.co.uk,xJ6@9OmW{.zi3+9
Irvin,imintofti4@cyberchimps.com,"bN5,*gF%"
Gratia,gtongei5@fc2.com,"oN7)P2,yt/_M,"
Bobbye,bkamieni6@trellian.com,vH7|@>q\M0kgwa{
Hymie,hlessmarei7@altervista.org,zA4#}Xik*M<@r
Karmen,kmacfauli8@google.com.br,"gV8(@6G""*qh&K}"
Justino,jbottinellii9@bbc.co.uk,"mM8{f'JTU>1,"
Herby,heynaldia@hugedomains.com,zB4}tnK@8kV_2
Mercedes,msatchelib@ifeng.com,pN9!'N}Ge
Dian,dbruteic@blogs.com,"jB9)3<9X+,$!Vl"
Harland,hroderighiid@technorati.com,"aY6/X)`""8'"
Aldrich,acastiglioie@blogger.com,oK3<wyYm
Mathias,mgervaiseif@umn.edu,gB5`!51em8=aK
Merissa,mtunnyig@studiopress.com,"vX5}R5jACzX7"">T"
Barb,bnilesih@cam.ac.uk,"vN2~rDtW""K)G"
Helen,hgalileeii@nyu.edu,cD1>S4Hb&~a3dY1
Brigg,bfussellij@shareasale.com,wS9<`wRyTK~dZ<
Estrella,echampeik@geocities.jp,pQ9~APUhqm
Theresita,tlarmetil@desdev.cn,xT5+'QQB~1_>6!/
Babs,bpoundsim@xing.com,"uQ6,*Sa',C=0d"
Renate,rbaudainsin@tripod.com,"bQ1*b.Ai|,rOqM"
Anjela,adunstanio@e-recht24.de,"fN7%0.Z,s\M}wW<"
Silvio,sspillingip@moonfruit.com,yT3|GWMdb=I2R>P
Olimpia,otrippickiq@census.gov,sM1!~k1kX
Filmer,fleederir@cmu.edu,lN9_2~JO5PV
Jarid,jschwandis@hostgator.com,oW8/0n'b?
Dacey,dhalsonit@wikipedia.org,"rZ5%?qf(,"
Nathaniel,nrumfordiu@elegantthemes.com,lF9!eP?Mr+
Trent,tkassmaniv@photobucket.com,rB2\k<&%Wx=R
Kippie,ktolchariw@chronoengine.com,kJ6\&mMg*~)n
Terrill,tjakubovitsix@whitehouse.gov,nG1%9OPT
Mirelle,mtrenbayiy@vk.com,kW0(w=E2>\0M@XE
Nydia,nfeldoniz@blogs.com,eX9{?2le{u#31
Shirlee,sfishpoolj0@blogger.com,rI5{{Vz`prv
Paxton,prodiej1@un.org,cM3%mXSF2mq
Hans,hmelettij2@guardian.co.uk,nO6'nfv!8K$79%<
Elwira,elethbridgej3@house.gov,qD0?t4eM{n8oau
Arleta,aspieckj4@hao123.com,lV4\y/lp{7
Laurella,lokij5@dedecms.com,eG8`zxcD
Ludovico,lcrinagej6@oakley.com,fM6)>ELl
Verine,vdunstonj7@comcast.net,tD2\T@i@vN/
Zebulon,zhuginj8@delicious.com,zN0(I88WlnC\qw
Katherine,ksouthardj9@people.com.cn,uF8`8%I'zE`ks
Marylin,mbrutonja@shop-pro.jp,bO1<JNn.aXwTG9xE
Luisa,lwollardjb@jugem.jp,dU4_KY'$DCq0
Letizia,leselerjc@squidoo.com,dG4!Lp@2~vm
Bibi,bvanthoogjd@nasa.gov,"vW4|K|j$BhU,"
Lane,lygoje@theguardian.com,dE6.ili%
Jean,jdutsonjf@redcross.org,tO1+0h/@{v.qQ
Dorelia,dkippiejg@about.com,nB5~A$z'>
Sile,scarbonelljh@mozilla.com,xB8{okNH1+DCi~V
Sibyl,sjensenji@blinklist.com,rZ1'MozC'
Cirilo,cgutersonjj@springer.com,nS0`=B*J$
Tarah,tmacpakejk@vkontakte.ru,"tT2),wM!s"
Zach,zbraysherjl@opera.com,aJ1+sox(c{Mr
Fidela,fcabanjm@angelfire.com,qS8%m+b<
Margaretha,malexandersenjn@columbia.edu,tI3)MHUVRhINBH*x
Harriot,hupwoodjo@buzzfeed.com,mV3`kHB9X(
Ned,ngeejp@hc360.com,rB5)'JIoIiXThK
Irving,igilbartjq@ucoz.com,"iR4_,L.rhS_$"
Delbert,dennionjr@cbsnews.com,dY5(9Q}a1/70
Lindon,lkerwinjs@cisco.com,"iB3~%HdLf"""
Hephzibah,hdavidwitzjt@quantcast.com,qC8`!hQ<'M/U!
Derrik,djobernju@cornell.edu,"nA5,2(5("
Izaak,iscottjv@sina.com.cn,tN2{Bhq'x}k*
Morgan,mmilsapjw@quantcast.com,mR3!6BLY`Z
Aland,apischoffjx@phpbb.com,rQ0~d<vw=
Ketti,kgipsonjy@epa.gov,rR8!9b8?p%
Ara,againsburyjz@columbia.edu,yT6$TJ3gh>o=eXZ`
Garrett,gcrinagek0@cargocollective.com,iD1/SU!*6qAyAhi
Giles,gcamellk1@theglobeandmail.com,"nT7,lx~_"
Theobald,twapolk2@mediafire.com,"hF7#$I,x#UJe{r"
Audy,akubelkak3@dion.ne.jp,vF2*w4cO#@#Q>
Agnesse,arandlesonk4@woothemes.com,fA9%JA~k0V(_@Ne
Dorelle,dmcgilvrak5@dagondesign.com,rV2<Sko&$0C\2
Vince,valbertik6@quantcast.com,"yZ6"")H&1h"
Antonio,alegisterk7@phpbb.com,"hQ7""2Sxk}&q5$*N"
Mag,mgotobedk8@joomla.org,xW2~AxTdJfL$g)
Standford,sparrishk9@businessinsider.com,zI6@(s+s4hH7OBy
Obadias,odomoneyka@wunderground.com,oK5_jfE65ay
Milzie,mdeasonkb@de.vu,"dI2""MQ'T_5b,"
Edouard,ekingswellkc@marriott.com,vZ5}UmcM3gn
Vladamir,vnieasskd@sogou.com,cX1%i%z&|ERQv
Sebastian,scarouske@tuttocitta.it,eO8\B6w=d
Salmon,sphilipotkf@amazon.com,"vI4,lsQB'"
Gretta,gpetrollikg@nifty.com,"pG5>2rjV>?,XH6J"
Harlan,hlarwaykh@ocn.ne.jp,oN5~WPm`r\vr54M@
Eachelle,edoughteryki@eepurl.com,eK6%L?hi0l0i7)~
Nikolaus,ntoweykj@artisteer.com,uB3{%F)l+~tsIAY`
Irwinn,iwallerbridgekk@upenn.edu,jH9}.KUTm6O
Paco,plaxkl@hhs.gov,oX2<'`=>
Birgit,bmoxsonkm@stumbleupon.com,rM8@3Y\T
Darcy,ddiantoniokn@alibaba.com,lJ1.w?QW.
Addy,amollindiniako@posterous.com,eY4`9!pCZ%I
Upton,usemeniukkp@nymag.com,wD4=@leLb5{D
Emlynn,emessamkq@gnu.org,eC4&SFz(Wz
Renae,ringolottikr@wired.com,xI7+5)Cbshu{IO
Willi,wgosartks@oaic.gov.au,bC0@nD*_0*8iBA
Vernen,vgrindrodkt@patch.com,aO9>Zy68#.18c
Germain,ggarrettsonku@ow.ly,xZ5=yniVh6hb
Bliss,bfenckkv@alexa.com,"eM6}DE""s"
Danni,dmorysonkw@virginia.edu,"wC4)(i`""@Gq2"
Dulci,dhaviskx@simplemachines.org,"jS2,*2H`ihExPsq"
Isis,iyatesky@youtube.com,dO4/ejh#
Alexandrina,asunnerskz@cdc.gov,"eL3.|>5""<"
Garvey,glaxel0@printfriendly.com,"dY0,Am/<"
Mathilda,mgofforthl1@rediff.com,jQ2`r/enw(<6w
Augy,akalkoferl2@goo.ne.jp,fV9`x}L>+R
Jobie,jameerbegl3@cocolog-nifty.com,zL7!AaP<7Lm\AI2_
Danita,djecksl4@pagesperso-orange.fr,zN6%Un3xE2E
Roanna,rlightewoodl5@hubpages.com,mF1}t85>p
Guglielma,grameauxl6@deliciousdays.com,tW4@*ph6<r2<*1
Emmerich,emourtonl7@free.fr,wF5$1V\U1q|
Ivory,ihunl8@nsw.gov.au,sV9~!_jD9b
Lorant,lguillel9@clickbank.net,"gT0~""8juYb"
Evin,ebaddoela@webs.com,rB9~+'oA|yD/MZqB
Pavel,ppiggfordlb@trellian.com,cD3<U~D8
Joceline,jfurseylc@vkontakte.ru,xI2`~_#Isras
Kimbra,kgotthardld@tinypic.com,nB9>F4#\
Cleavland,ccowndleyle@indiegogo.com,jK5#AygvwM&(
Avril,asullylf@istockphoto.com,yX8`mG\aY}e
Hannah,hglavislg@mlb.com,gX5&c08=ODVe&
North,nmurricaneslh@prlog.org,"jL1,xN""n8Wj"
Garrek,ggrattonli@reddit.com,"dI1/V{Zva1s,"
Jannel,jogilbylj@webmd.com,fA0<aow/4kzgyHl
Lotti,lmelladewlk@myspace.com,fG3=ugo7y7\yM<
Bengt,beuesdenll@illinois.edu,aM9#~Y$r?D0
Sebastien,sferrailm@unesco.org,"uG3"".~1V3}"
Nicole,nkohrsenln@dagondesign.com,cG6=6Iql((D
Garfield,groscamplo@tmall.com,dP2\.DC%p_wV6
Lorenzo,ldelahayelp@nbcnews.com,rS0\+`+&#MK~&R.
Wynny,walstonlq@addthis.com,nC1|8|r\2T
Jada,jdenerleylr@mayoclinic.com,"yR7!cjv,fi`=|"
Kerri,ksennls@springer.com,tL4@KS=G(lVY
Felipa,fdelascilt@lycos.com,jG4}2>sDW%r!U
Fredrika,fdelucelu@earthlink.net,lH9=~rl5u
Bucky,bcowenlv@taobao.com,zU2<L)|x*@{U~JfB
Carlin,cblastocklw@spiegel.de,"xQ5!lNBt""pzS"
Keely,khefferlx@ocn.ne.jp,nI0?rx<1s
Grissel,gnovotnaly@linkedin.com,"yO4,L7s+"
Elianora,esellnerlz@prlog.org,vO5|=z\w{f74.
Sheffield,sainscowm0@irs.gov,tX6=w%zEwVpm5Fs
Rania,rgazem1@washington.edu,"yK2,Q>sJNQj%/Qv"
Marlowe,mmachostiem2@prnewswire.com,bA7\IL6*_zhUgm
Jasun,jcoganm3@merriam-webster.com,sX5#R/ad9
Clemmy,csoutherdenm4@4shared.com,rV7&(m<p
Leupold,lsimeonim5@google.it,vU1!@2{@
Rosene,rthurskem6@google.co.uk,rE3*7((w5Njc$nI
Sholom,spaveym7@foxnews.com,yG9#P?WH_+giT~
Vick,vjointm8@slideshare.net,"gC7""'<xst)(""Te"
Uriah,uscarasbrickm9@accuweather.com,aF1\fMhkA?=.
Flem,fdanihelma@unesco.org,"zS4,5WEnbh/l?*"
Gustavo,gbawmemb@sohu.com,"yQ8.%W@?}NaQ,"
Berny,bdunsiremc@statcounter.com,hB4.JQjQ7>
Kayle,kwoolstenholmesmd@stanford.edu,xF4&'=T7~sN7u7G
Colene,cgovernme@hc360.com,nO7&Pai*4
Dorella,dlettingtonmf@bloglovin.com,jJ7(4@?Mk.
Bernard,bmcallanmg@gnu.org,"cL2_vf5JT,NfB"
Natka,nspringthorpemh@time.com,"jD7=""DDJ,p5)v}"
Darill,dtitheridgemi@cisco.com,xG0\Sf@EDbjG
Yorke,ywillmentmj@narod.ru,iU5<{z)M{V1
Bianca,brobesonmk@salon.com,tD9/c6ks<'h8CME
Donetta,dskeeneml@cafepress.com,jC9?bSg$=+m/
Bevan,bskittmm@zimbio.com,wV8.NiJNx
Kora,ktaxmn@msu.edu,"yZ7&""~(qk9'FqH"
Jamie,jlemaitremo@devhub.com,wT0<Q#.AU
Esmaria,escarlinmp@va.gov,nE4#O'<tLpU1
Aaron,ashouldermq@lulu.com,"pN3,B+fvq&""{uH)}"
Elisabetta,ekoeppemr@ucoz.ru,eJ5@\Z2Vg./\OstH
Byram,brultonms@clickbank.net,aA6>j@iy*
Shandie,sjoselandmt@sitemeter.com,uQ9>/TpF&*m
Juliet,jofergusmu@imgur.com,uC6*@eEQxdB
Jessi,jchristermv@washington.edu,lQ2?qs'N$Hl!q1T
Rachael,rrydermw@google.it,rO9_WqmQ
Florry,fstobomx@themeforest.net,hM1|V`?(w@72plbI
Dalton,dhasneymy@wikia.com,"eE8!537_`"""
Catarina,cmckeeversmz@army.mil,kL4`wQ1$=?Sxf<h
Mirabelle,mquartonn0@clickbank.net,"fA4""/*Ki?"
Marlee,mdilucian1@umich.edu,xH7&1vzD$2J
Avigdor,ashrawleyn2@opensource.org,"bX4\jTML""x"
Walther,wrestorickn3@merriam-webster.com,qS6_uP1C*2A
Danica,dstaresn4@shop-pro.jp,yL0<UCYDh`z&
Aliza,ahaseldinen5@cornell.edu,tS3+as#%vgJYly
Clemmy,cjouanotn6@weather.com,pR6|w$1O
Frans,fbaulkn7@usda.gov,"aM5%Xa,hUeB/"
Heath,hvalentinen8@4shared.com,"jE3.,+B=df8GH"
Angie,agriffithen9@sun.com,fQ8=P'qU.X6$
Nicola,nnuzzina@cdbaby.com,aX9)oYEE
Kaye,klerernb@stumbleupon.com,"cA5""40G*C'Plp"
Vickie,vcaesmannc@prlog.org,"bP0""n8&HHfi\""WH8"
Darleen,dfinicjnd@goo.ne.jp,"iD6,/|GW%bW1j*"
Lishe,lclaybournene@opera.com,bM4.)$rQPNi
Marlin,mtourlenf@wired.com,mQ9#d|LBR{`oKBP
Fanny,fewartng@acquirethisname.com,vR6/*4SSB
Ameline,abestonnh@goodreads.com,dJ7!\yIfUbJax
Linet,lmcnamarani@sphinn.com,vM0#3.o6GQW
Rikki,rcounternj@examiner.com,qI1&7$b'wn{1uq
Tye,tfoxennk@opera.com,"tJ9/x{SFw""Z`=Ho"
Clint,cwhitcombnl@wp.com,bX9>tmmD@%qH}v
Stefanie,sbartnm@oaic.gov.au,cF5=bW\L'z3
Oates,ofrancescozzinn@imdb.com,"jL4(rKyNDpt,"
Benjamen,bpozerno@unesco.org,dK9.03KwN2
Cindy,cdaniellonp@cam.ac.uk,lJ7)\A`t*
Zebulon,zhimsworthnq@topsy.com,nC1*e_Rl
Chance,ccomussonr@geocities.jp,"eQ9(dN\,3E4Rs|}Z"
Bearnard,bshaperons@smh.com.au,pC8)cNH1*5N
Edouard,eredwallnt@edublogs.org,sU6{ls_0k=s>!>
Doretta,dmeasuresnu@nih.gov,dB4&WB/%a
Gretel,gshoebridgenv@fda.gov,"xW2(c""Nauy>xdi"
Elvera,edecroixnw@bigcartel.com,uI8|IRDafx}Ap*
Butch,bconersnx@addthis.com,"zL7(1Mbs""u$xU"
Nappie,nculpanny@pbs.org,"eB1(,?@CDM{O"
Nollie,ntownesnz@ted.com,wJ6|vq#Nz*cF
Ainslie,abelfrageo0@example.com,rD9|z3tv3RKwCD
Dede,dkubyszeko1@mashable.com,"zY5?%5,0<cEZI"
Iolande,ivowleso2@google.co.uk,bQ5/DqUK$)Y
Berty,bgimerto3@example.com,xH8(Jevg'!l{
Vinny,vtesmondo4@freewebs.com,gP2&@r{`
Taryn,tnayloro5@walmart.com,tB9(efao
Artair,alangshawo6@de.vu,bE3$tK=T
Abbey,abattanyo7@wired.com,vO9~AwC%!s@j&
Lynea,lharhoffo8@networksolutions.com,yK9'L2KE#9+2?n
Fairlie,fpendrido9@usnews.com,tD8{eOjnG@
Maynard,mdeatonoa@gizmodo.com,oU6=.?A2jB|$?axk
Corrine,cgroomebridgeob@princeton.edu,eP5'Q)mksRFsgh
Tadeas,tkingdonoc@parallels.com,"mT6?m?l,a3"
Arabelle,astanhopeod@jigsy.com,vJ7_mj_f#VqI
Ellynn,emottinioe@ucoz.ru,"tA6+CL~,Ll7"
Gibbie,grebanksof@dion.ne.jp,qJ8{ogOk0
Sharon,samesog@sciencedirect.com,"dL7""0M\6zBPEcNM"
Layney,lblakemanoh@ameblo.jp,fJ4=nwXXXH(kjk%l
Wendall,wverneroi@theguardian.com,rR9+2}l/
Denna,dgarrardoj@wordpress.org,aJ2&m#q!FCd
Sibby,stimbrellok@woothemes.com,tZ4}1pUdN
Wendy,wwestphalenol@furl.net,bN1<JO7|'_khl7
Myriam,mwhippom@qq.com,hV9!c!XCo.5y*
Ariella,aroussellon@geocities.com,gP1<dUz6dvZ5S(
Em,ehargerieoo@seattletimes.com,yR2&cx#||mG\8mGK
Carleton,coddaop@ovh.net,"iB7)0kt@8=""loCX"
Amber,aorsayoq@pinterest.com,rQ7`Rda*uSQ_
Rebeka,rfairchildor@ehow.com,iU5\ztx~icEMT3Q
Jo,jreeveos@xing.com,fW5}KqHXa_oK
Luella,ldoudnyot@house.gov,tL6&4pj`~sQV
Ariela,aclemenconou@nbcnews.com,jF3*0WU%
Patrice,phakenov@google.nl,gC5#Q(lUR(058
Palmer,pseakow@sitemeter.com,yL4.Sz7T)
Britteny,blouysox@infoseek.co.jp,lD0$xU0#ay}v
Tressa,tmaugeroy@yahoo.co.jp,gR1_QbO<A\{K
Avrit,astodeoz@google.fr,wG3}#Ga6*CG
Forster,fwaterdrinkerp0@bandcamp.com,"iQ0?)hrAw}"""
Zerk,zpiatkowskip1@dropbox.com,"zG8`?4AX(""'#DW"
Rogers,rlohdep2@miitbeian.gov.cn,pS5?$Y=<I*sOtH'h
Kati,ksonghurstp3@unicef.org,fG0%D~B9<
Luise,lkastingp4@ameblo.jp,"pG5*2,yyX"
Barclay,bbraysonp5@sciencedaily.com,"fV9>,yeL8b+etg"
Derward,drickersyp6@patch.com,wP3{*SoN
Effie,eguilfoylep7@istockphoto.com,cO4=1)3/p7
Abbie,ahinkensp8@arstechnica.com,nV6$ugryoo*sU
Dawna,dhighmanp9@independent.co.uk,wW0(>?q0~C
Henriette,hgroucockpa@shutterfly.com,"tL7,sJ6(t{2K\"
Zorah,zpatingtonpb@163.com,iA2*REL.Zrhq(1BO
Rosalia,rsemkinspc@people.com.cn,"jX9,D8_y5ER4{""Zp"
Cletus,couverpd@flavors.me,rH9_8/oV!
Briana,blamswoodpe@clickbank.net,gI8}1nO8{
Onofredo,ocamingspf@tiny.cc,tH5>Op{\qZrdZ~
Vicky,vantrumpg@soup.io,oW1@H#CFumC`s
Randee,rsmietonph@harvard.edu,eL6(MPxUXW>}
Byrle,bmarcussenpi@technorati.com,"kP1.,f7D1M"
Leeland,lchamppj@bravesites.com,oD2}w+nb5ZW{
Gusti,gdevonshirepk@elegantthemes.com,sW2\uk1i
Paule,pdychepl@biblegateway.com,gF6/xPn$.
Adelaida,ahuntallpm@yellowbook.com,gX1?uKgSN<mo0
Mommy,maldredpn@altervista.org,dJ3>(\>kcN&
Neal,nguillepo@addthis.com,wN2>#QM18=$_J~fX
Steffie,srowbreypp@sitemeter.com,lN9'0ofXRBi7$rC
Moreen,mivanovpq@google.co.jp,qU5'>Z|8l?4YcJ9t
Niels,naugustinpr@odnoklassniki.ru,eJ5!R8m/Zq
Anastasia,ademorenops@nba.com,"wJ5,g8M&8"
Rafe,rmaruszewskipt@free.fr,"zE1""%oT,"
Curry,cwolseypu@furl.net,"uA1+p2rMs6C""%.(!"
Cordy,clabbepv@upenn.edu,eR9~D'B*F`|X
Maddie,mlamberteschipw@newyorker.com,uB7_R}w#Q&_HLeZ+
Pansie,pmatteuccipx@list-manage.com,"vU2/g0&tYk,*YP"
Annadiane,abrooksbankpy@privacy.gov.au,zD1.T.\&
Townie,twillerspz@amazonaws.com,"oV1}@yxH*M?Q,!J"
Jeanelle,jmeatyardq0@php.net,lC8%h/tcvy
Gayle,gdrejerq1@tuttocitta.it,"eN8+v6H,84DG8nN"
Dionne,dskiptonq2@nhs.uk,gU0\5iT`4G
Melisse,moliveq3@unesco.org,lN4/_VQeCIs&
Becka,bklamptq4@hexun.com,tC6_ydri|T+$
Erasmus,ewinslettq5@elpais.com,wP1$~KPK~\*<
Lavinie,lwagenq6@nymag.com,cP1=_.Rx<h
Krispin,kbryningq7@facebook.com,dG0)7M?6ff(pGO%
Dewain,dhaselq8@bigcartel.com,xM4_x1amn#(c|Z
Morrie,mcurnokkq9@indiegogo.com,gS1}UCE3
Dolley,dwatshamqa@accuweather.com,kK5/k+*.V!|`y
Morissa,maikettqb@elegantthemes.com,fX1_U+3L
Edwin,econechieqc@istockphoto.com,"nA0?1CNdT13@+,4Y"
Sal,smcreynoldqd@amazon.com,qP8@76AA?`
Arleen,afargherqe@aboutads.info,dX9!i9C0
Ryann,rmacpeiceqf@last.fm,"sS5~}/bX,u4tGf~E"
Carissa,ccowthartqg@toplist.cz,"gG5$FDho,q.U_f1"
Guenevere,gsandlinqh@thetimes.co.uk,xM2'5(g5k
Lizabeth,lsweetsurqi@fotki.com,"kU1%Z,aBuk/"
Eleonora,eusbornqj@usda.gov,sU0<habH
Cedric,cmcgonigalqk@aboutads.info,iY1)RerBn7nkQPd
Roth,relleswortheql@furl.net,"nF1>v'tp\w.@""c"
Gretta,gkenneaqm@yahoo.co.jp,iD0_!s%$|C#O020r
Ludovika,lstubbeqn@smh.com.au,sD9{_k*&Omm*
Margarethe,medkinsqo@example.com,rW0+XtY0@
Padget,pbrizellqp@illinois.edu,nS7}j2GICRj?6i@
Gare,gcaveillqq@domainmarket.com,rC4\~5xFWya
Gwenette,gbagwellqr@histats.com,"tN4,uz@sJr3"
Nikaniki,ntredwellqs@about.me,iP8.(Utr
Arda,ahordellqt@sciencedaily.com,rL5>%Th}QkV<}
Oralle,ospurriorqu@icio.us,"iZ7}rrw,"
Terra,tbottermanqv@addthis.com,pB8$8wJa
Jobye,jsennettqw@sourceforge.net,aJ2=`{pHXdC
Cherry,cguisoqx@businessinsider.com,oM0)*IJBXV*RP
Skipton,svileqy@irs.gov,uP2{wTpltE2$$k
Petrina,pmacconnechieqz@live.com,lP2>o0X5m{mj
Koral,khallowesr0@amazon.co.uk,eK8`iPs'KjC
Gian,gpavlatar1@washingtonpost.com,"jS2""O\J#XAcHz>/a"
Tabby,tgasparr2@macromedia.com,rX9<*`fBZ8!Q9Ev
Jenine,jpentelor3@alibaba.com,tF5\w'_C)r(u5gs7
Dame,ddefriesr4@de.vu,"xI0""1{7iX$2,m,"
Nicolas,nfenderr5@uol.com.br,qN4+7rYJW3
Babb,bfraczakr6@sourceforge.net,xS9+zM!.d
Lethia,lgoltr7@tumblr.com,gN4|p0sG?o
Clim,cruckr8@reverbnation.com,uR7+o\8?6+90b~
Hermann,hbrawleyr9@wikipedia.org,eD4/?f/K7Od64'{d
Martie,mdonovanra@aol.com,uY2}A_vhMKG_5W*0
Jenica,jwickwarrb@omniture.com,dB1.(#yP2X
Thibaut,tchristauffourrc@trellian.com,fW8|zoC_odQ
Farris,fgatsbyrd@mozilla.org,rW6|Qkhj#M
Barbe,btesaurore@sitemeter.com,fF6~tLuP#
Monah,mmaccostorf@psu.edu,"hN5'D9M%b""k"
Lucian,lbenkinrg@stanford.edu,tS6&RlibIX
Stanwood,semettrh@nationalgeographic.com,gM7/o(r*T&=!DG
Dallon,dedmandsri@friendfeed.com,iK6{0PZHa
Patten,phargraverj@studiopress.com,hI6&Uk`&8.y0(l&&
West,wbrachellrk@vkontakte.ru,vH8@q>Ro
Britt,btheodorerl@vkontakte.ru,pV4'SUz|.!
Jewell,jwengerrm@archive.org,lN1+GU'isqI877}?
Baillie,bpaslowrn@surveymonkey.com,qR8<5}?\a?1f
Shermy,selixro@symantec.com,mY6/HA'`>\!Xuc
Colver,cmatejrp@dailymail.co.uk,"tV9?TWBhsfcr""p"
Miller,mseldnerrq@sfgate.com,"rS9|E}J.#,Tp!m("
Winn,wgrishmanovrr@twitter.com,xN8+jPp1Jh
